city,ID,lat,long,place_id,licence,osm_type,osm_id,class,type,place_rank,importance,addresstype,name,display_name
Paris,city_1,48.8534951,2.3483915,88066702,"Data © OpenStreetMap contributors, ODbL 1.0. http://osm.org/copyright",relation,71525,boundary,administrative,12,0.897098092136026,city,Paris,"Paris, Île-de-France, France métropolitaine, France"
Beijing,city_2,39.9057136,116.3912972,203431086,"Data © OpenStreetMap contributors, ODbL 1.0. http://osm.org/copyright",relation,912940,boundary,administrative,7,0.79564828145914,city,北京市,"北京市, 中国"
London,city_3,51.5074456,-0.1277653,259398780,"Data © OpenStreetMap contributors, ODbL 1.0. http://osm.org/copyright",relation,175342,boundary,administrative,10,0.892099725874866,city,Greater London,"Greater London, England, United Kingdom"
Vatican City,city_4,41.9034912,12.4528349,78242252,"Data © OpenStreetMap contributors, ODbL 1.0. http://osm.org/copyright",node,424311883,place,suburb,18,0.724957048917718,suburb,Civitas Vaticana - Città del Vaticano,"Civitas Vaticana - Città del Vaticano, 00120, Civitas Vaticana - Città del Vaticano"
Madrid,city_5,40.416782,-3.703507,425777657,"Data © OpenStreetMap contributors, ODbL 1.0. http://osm.org/copyright",relation,5326784,boundary,administrative,16,0.818690399132196,city,Madrid,"Madrid, Comunidad de Madrid, España"
St Petersburg,city_6,59.938732,30.316229,413292737,"Data © OpenStreetMap contributors, ODbL 1.0. http://osm.org/copyright",relation,421007,place,city,16,0.808953671355029,city,Санкт-Петербург,"Санкт-Петербург, Северо-Западный федеральный округ, Россия"
New York,city_7,40.7127281,-74.0060152,424119184,"Data © OpenStreetMap contributors, ODbL 1.0. http://osm.org/copyright",relation,175905,boundary,administrative,10,0.881792336360412,city,New York,"New York, United States"
Kanazawa,city_8,36.561627,136.6568822,243068424,"Data © OpenStreetMap contributors, ODbL 1.0. http://osm.org/copyright",relation,4800041,boundary,administrative,16,0.606485123673373,city,金沢市,"金沢市, 石川県, 日本"
Moscow,city_9,55.7505412,37.6174782,181196379,"Data © OpenStreetMap contributors, ODbL 1.0. http://osm.org/copyright",relation,2555133,place,city,16,0.871311709597481,city,Москва,"Москва, Центральный федеральный округ, Россия"
Wellington,city_10,-41.2887953,174.7772114,20863031,"Data © OpenStreetMap contributors, ODbL 1.0. http://osm.org/copyright",node,204648,place,city,15,0.670191003939202,city,Wellington,"Wellington, Wellington City, Wellington, 6011, New Zealand / Aotearoa"
Rio de Janeiro,city_11,-22.9110137,-43.2093727,409874296,"Data © OpenStreetMap contributors, ODbL 1.0. http://osm.org/copyright",relation,2697338,boundary,administrative,16,0.784945829582724,municipality,Rio de Janeiro,"Rio de Janeiro, Região Geográfica Imediata do Rio de Janeiro, Região Metropolitana do Rio de Janeiro, Região Geográfica Intermediária do Rio de Janeiro, Rio de Janeiro, Brasil"
Seoul,city_12,37.5666791,126.9782914,411200616,"Data © OpenStreetMap contributors, ODbL 1.0. http://osm.org/copyright",relation,2297418,boundary,administrative,7,0.777838287178552,city,서울특별시,"서울특별시, 대한민국"
Singapore,city_13,1.2899175,103.8519072,236541706,"Data © OpenStreetMap contributors, ODbL 1.0. http://osm.org/copyright",relation,17140517,place,city,16,0.803127189665221,city,Singapore,Singapore
"Washington, DC",city_14,38.8950368,-77.0365427,394523734,"Data © OpenStreetMap contributors, ODbL 1.0. http://osm.org/copyright",relation,5396194,place,city,16,0.81476996784786,city,Washington,"Washington, District of Columbia, United States"
Tokyo,city_15,35.6768601,139.7638947,243209120,"Data © OpenStreetMap contributors, ODbL 1.0. http://osm.org/copyright",relation,1543125,boundary,administrative,8,0.833762661607037,province,東京都,"東京都, 日本"
Amsterdam,city_16,52.3730796,4.8924534,144906491,"Data © OpenStreetMap contributors, ODbL 1.0. http://osm.org/copyright",relation,271110,boundary,administrative,16,0.788210016179977,city,Amsterdam,"Amsterdam, Noord-Holland, Nederland"
Florence,city_17,43.7697955,11.2556404,73684384,"Data © OpenStreetMap contributors, ODbL 1.0. http://osm.org/copyright",relation,42602,boundary,administrative,16,0.77210833867311,city,Firenze,"Firenze, Toscana, Italia"
Warsaw,city_18,52.2319581,21.0067249,415345215,"Data © OpenStreetMap contributors, ODbL 1.0. http://osm.org/copyright",relation,336075,boundary,administrative,12,0.799938807195363,city,Warszawa,"Warszawa, województwo mazowieckie, Polska"
Taipei,city_19,25.0375198,121.5636796,214073122,"Data © OpenStreetMap contributors, ODbL 1.0. http://osm.org/copyright",relation,1293250,boundary,administrative,7,0.709806422252488,city,臺北市,"臺北市, 臺灣"
Melbourne,city_20,-37.8142454,144.9631732,428504699,"Data © OpenStreetMap contributors, ODbL 1.0. http://osm.org/copyright",relation,4246124,place,city,16,0.763077479403244,city,Melbourne,"Melbourne, City of Melbourne, Victoria, Australia"
Shanghai,city_21,31.2312707,121.4700152,411308183,"Data © OpenStreetMap contributors, ODbL 1.0. http://osm.org/copyright",relation,913067,boundary,administrative,8,0.753003156872174,locality,上海市,"上海市, 大世界, 上海市, 中国"
Sydney,city_22,-33.8698439,151.2082848,424474266,"Data © OpenStreetMap contributors, ODbL 1.0. http://osm.org/copyright",relation,5750005,place,city,16,0.78150693373807,city,Sydney,"Sydney, Council of the City of Sydney, New South Wales, Australia"
San Marino,city_23,43.9363996,12.4466991,72097424,"Data © OpenStreetMap contributors, ODbL 1.0. http://osm.org/copyright",relation,3012945,boundary,administrative,15,0.557252755241989,town,Città di San Marino,"Città di San Marino, 47890, San Marino"
Marseille,city_24,43.2961743,5.3699525,75162933,"Data © OpenStreetMap contributors, ODbL 1.0. http://osm.org/copyright",relation,76469,boundary,administrative,16,0.741498556551903,city,Marseille,"Marseille, Bouches-du-Rhône, Provence-Alpes-Côte d'Azur, France métropolitaine, France"
Vienna,city_25,48.2083537,16.3725042,408349445,"Data © OpenStreetMap contributors, ODbL 1.0. http://osm.org/copyright",relation,109166,boundary,administrative,7,0.830860639809299,city,Wien,"Wien, Österreich"
Edinburgh,city_26,55.9533456,-3.1883749,255131155,"Data © OpenStreetMap contributors, ODbL 1.0. http://osm.org/copyright",relation,1920901,boundary,administrative,12,0.736348118500619,city,City of Edinburgh,"City of Edinburgh, Alba / Scotland, United Kingdom"
Aarhus,city_27,56.1496278,10.2134046,153989618,"Data © OpenStreetMap contributors, ODbL 1.0. http://osm.org/copyright",node,26559213,place,city,16,0.642829739461168,city,Aarhus,"Aarhus, Aarhus Kommune, Region Midtjylland, 8000, Danmark"
Canberra,city_28,-35.2975906,149.1012676,19676281,"Data © OpenStreetMap contributors, ODbL 1.0. http://osm.org/copyright",node,21674637,place,city,15,0.671350336453796,city,Canberra,"Canberra, District of Canberra Central, Australian Capital Territory, 2600, Australia"
Iksan,city_29,35.9479291,126.9578025,206070195,"Data © OpenStreetMap contributors, ODbL 1.0. http://osm.org/copyright",relation,7619924,boundary,administrative,12,0.511980466011509,city,익산시,"익산시, 전북특별자치도, 대한민국"
Tel Aviv,city_30,32.0852997,34.7818064,195965910,"Data © OpenStreetMap contributors, ODbL 1.0. http://osm.org/copyright",relation,1382494,boundary,administrative,16,0.720429619794601,city,תל־אביב–יפו,"תל־אביב–יפו, נפת תל אביב, מחוז תל אביב, ישראל"
Humlebaek,city_31,55.9618789,12.5305462,136235098,"Data © OpenStreetMap contributors, ODbL 1.0. http://osm.org/copyright",node,26559049,place,town,18,0.407290083023225,town,Humlebæk,"Humlebæk, Fredensborg Kommune, Region Hovedstaden, 3050, Danmark"
Houston,city_32,29.7589382,-95.3676974,281239887,"Data © OpenStreetMap contributors, ODbL 1.0. http://osm.org/copyright",relation,2688911,boundary,administrative,16,0.737016847660481,city,Houston,"Houston, Harris County, Texas, United States"
Milan,city_33,45.4641943,9.1896346,397861960,"Data © OpenStreetMap contributors, ODbL 1.0. http://osm.org/copyright",relation,44915,boundary,administrative,16,0.801539885678541,city,Milano,"Milano, Lombardia, Italia"
Chicago,city_34,41.8755616,-87.6244212,344128700,"Data © OpenStreetMap contributors, ODbL 1.0. http://osm.org/copyright",relation,122604,boundary,administrative,16,0.801638032532771,city,Chicago,"Chicago, South Chicago Township, Cook County, Illinois, United States"
Gyeongju,city_35,35.8556705,129.2248811,251928153,"Data © OpenStreetMap contributors, ODbL 1.0. http://osm.org/copyright",relation,7740688,boundary,administrative,12,0.574624313164309,city,경주시,"경주시, 경상북도, 대한민국"
Bentonville,city_36,36.3728608,-94.208787,418320938,"Data © OpenStreetMap contributors, ODbL 1.0. http://osm.org/copyright",relation,111561,boundary,administrative,16,0.526951841682883,city,Bentonville,"Bentonville, Benton County, Arkansas, United States"
Adelaide,city_37,-34.9281805,138.5999312,428671781,"Data © OpenStreetMap contributors, ODbL 1.0. http://osm.org/copyright",relation,11381689,place,city,16,0.690816221046089,city,Adelaide,"Adelaide, Adelaide City Council, South Australia, Australia"
Brisbane,city_38,-27.365991,152.948963,429284640,"Data © OpenStreetMap contributors, ODbL 1.0. http://osm.org/copyright",relation,14027280,place,city,16,0.712670560699405,city,Brisbane,"Brisbane, City of Moreton Bay, Queensland, Australia"
Abu Dhabi,city_39,24.4538352,54.3774014,429200771,"Data © OpenStreetMap contributors, ODbL 1.0. http://osm.org/copyright",relation,4479763,boundary,administrative,10,0.673085486418728,city,أبو ظبي,"أبو ظبي, أبوظبي, أبو ظبي, الإمارات العربية المتحدة"
Athens,city_40,33.9597677,-83.376398,317105150,"Data © OpenStreetMap contributors, ODbL 1.0. http://osm.org/copyright",relation,119353,boundary,administrative,16,0.604781680736729,city,Athens,"Athens, Clarke County, Georgia, United States"
Mexico City,city_41,19.4326296,-99.1331785,402732441,"Data © OpenStreetMap contributors, ODbL 1.0. http://osm.org/copyright",relation,17483459,boundary,administrative,16,0.782013058401644,city,Ciudad de México,"Ciudad de México, Cuauhtémoc, Ciudad de México, México"
Frankfurt,city_42,50.1106444,8.6820917,127389583,"Data © OpenStreetMap contributors, ODbL 1.0. http://osm.org/copyright",relation,62400,boundary,administrative,12,0.747397038292589,city,Frankfurt am Main,"Frankfurt am Main, Hessen, Deutschland"
Lisbon,city_43,38.7077507,-9.1365919,274299220,"Data © OpenStreetMap contributors, ODbL 1.0. http://osm.org/copyright",relation,5400890,boundary,administrative,14,0.76350361483068,city,Lisboa,"Lisboa, Portugal"
Bilbao,city_44,43.2630018,-2.9350039,270685627,"Data © OpenStreetMap contributors, ODbL 1.0. http://osm.org/copyright",relation,339549,boundary,administrative,16,0.681601477283632,city,Bilbao,"Bilbao, Bizkaia, Euskadi, España"
Krakow,city_45,50.0619474,19.9368564,167402527,"Data © OpenStreetMap contributors, ODbL 1.0. http://osm.org/copyright",relation,449696,boundary,administrative,12,0.753661338790818,city,Kraków,"Kraków, województwo małopolskie, Polska"
S√£o Paulo,city_46,-23.5506507,-46.6333824,,,,,,,,,,,
Montreal,city_47,45.5031824,-73.5698065,337883586,"Data © OpenStreetMap contributors, ODbL 1.0. http://osm.org/copyright",relation,1634158,boundary,administrative,16,0.768339993225789,city,Montréal,"Montréal, Agglomération de Montréal, Montréal (région administrative), Québec, Canada"
Berlin,city_48,52.5173885,13.3951309,133769868,"Data © OpenStreetMap contributors, ODbL 1.0. http://osm.org/copyright",relation,62422,boundary,administrative,8,0.852219653608809,city,Berlin,"Berlin, Deutschland"
Basel,city_49,47.5581077,7.5878261,85092634,"Data © OpenStreetMap contributors, ODbL 1.0. http://osm.org/copyright",relation,1683619,boundary,administrative,16,0.721906213499309,city,Basel,"Basel, Basel-Stadt, Schweiz/Suisse/Svizzera/Svizra"
Copenhagen,city_50,55.6867243,12.5700724,136669950,"Data © OpenStreetMap contributors, ODbL 1.0. http://osm.org/copyright",node,13707878,place,city,15,0.769425038152694,city,København,"København, Københavns Kommune, Region Hovedstaden, 1357, Danmark"
Prague,city_51,50.0850112,14.4265172,425874353,"Data © OpenStreetMap contributors, ODbL 1.0. http://osm.org/copyright",relation,435514,boundary,administrative,8,0.808711035856676,city,Praha,"Praha, Česko"
Daegu,city_52,35.8713,128.6018,404282322,"Data © OpenStreetMap contributors, ODbL 1.0. http://osm.org/copyright",relation,2395674,boundary,administrative,8,0.659665301755704,city,대구광역시,"대구광역시, 대한민국"
Brussels,city_53,50.8467372,4.352493,96022738,"Data © OpenStreetMap contributors, ODbL 1.0. http://osm.org/copyright",relation,58274,boundary,administrative,14,0.740245593327253,city,Bruxelles - Brussel,"Bruxelles - Brussel, Brussel-Hoofdstad - Bruxelles-Capitale, Région de Bruxelles-Capitale - Brussels Hoofdstedelijk Gewest, België / Belgique / Belgien"
Liverpool,city_54,53.4071991,-2.99168,411638202,"Data © OpenStreetMap contributors, ODbL 1.0. http://osm.org/copyright",relation,172987,boundary,administrative,16,0.729757626280465,city,Liverpool,"Liverpool, Liverpool City Region, England, United Kingdom"
Osaka,city_55,34.6937569,135.5014539,407375543,"Data © OpenStreetMap contributors, ODbL 1.0. http://osm.org/copyright",relation,358674,boundary,administrative,16,0.740477024554783,city,大阪市,"大阪市, 大阪府, 日本"
Los Angeles,city_56,34.0536909,-118.242766,419201125,"Data © OpenStreetMap contributors, ODbL 1.0. http://osm.org/copyright",relation,207359,boundary,administrative,16,0.841082888108865,city,Los Angeles,"Los Angeles, Los Angeles County, California, United States"
Richmond,city_57,37.5385087,-77.43428,321708065,"Data © OpenStreetMap contributors, ODbL 1.0. http://osm.org/copyright",relation,3864712,boundary,administrative,12,0.674814930008688,city,Richmond,"Richmond, Virginia, United States"
Glasgow,city_58,55.861155,-4.2501687,254852643,"Data © OpenStreetMap contributors, ODbL 1.0. http://osm.org/copyright",node,11127374,place,city,16,0.74117883101935,city,Glasgow,"Glasgow, Glasgow City, Alba / Scotland, G2 1AL, United Kingdom"
Grand Rapids,city_59,42.9632425,-85.6678639,420215820,"Data © OpenStreetMap contributors, ODbL 1.0. http://osm.org/copyright",relation,134444,boundary,administrative,16,0.614637416569961,city,Grand Rapids,"Grand Rapids, Kent County, Michigan, United States"
Christchurch,city_60,-43.530955,172.6364343,415436064,"Data © OpenStreetMap contributors, ODbL 1.0. http://osm.org/copyright",relation,2730349,place,city,16,0.65369460759656,city,Christchurch,"Christchurch, Christchurch City, Canterbury, New Zealand / Aotearoa"
Boston,city_61,42.3588336,-71.0578303,331951787,"Data © OpenStreetMap contributors, ODbL 1.0. http://osm.org/copyright",relation,2315704,boundary,administrative,16,0.7729506072169,city,Boston,"Boston, Suffolk County, Massachusetts, United States"
Hong Kong,city_62,22.2792968,114.1628907,432531647,"Data © OpenStreetMap contributors, ODbL 1.0. http://osm.org/copyright",relation,20044132,boundary,administrative,8,0.816628289531381,city,香港 Hong Kong,"香港 Hong Kong, 中国"
Kraków,city_63,50.0619474,19.9368564,167402527,"Data © OpenStreetMap contributors, ODbL 1.0. http://osm.org/copyright",relation,449696,boundary,administrative,12,0.753661338790818,city,Kraków,"Kraków, województwo małopolskie, Polska"
Venice,city_64,45.4371908,12.3345898,70933737,"Data © OpenStreetMap contributors, ODbL 1.0. http://osm.org/copyright",relation,44741,boundary,administrative,16,0.768893649388676,city,Venezia,"Venezia, Veneto, 30121-30176, Italia"
Turin,city_65,45.0677551,7.6824892,432037620,"Data © OpenStreetMap contributors, ODbL 1.0. http://osm.org/copyright",relation,43992,boundary,administrative,16,0.770252798833849,city,Torino,"Torino, Piemonte, Italia"
Oslo,city_66,59.9133301,10.7389701,151334251,"Data © OpenStreetMap contributors, ODbL 1.0. http://osm.org/copyright",relation,406091,boundary,administrative,12,0.773147884967445,county,Oslo,"Oslo, Norge"
San Francisco,city_67,37.7879363,-122.4075201,390482735,"Data © OpenStreetMap contributors, ODbL 1.0. http://osm.org/copyright",relation,111968,boundary,administrative,12,0.780971280931417,city,San Francisco,"San Francisco, California, United States"
Toronto,city_68,43.6534817,-79.3839347,324835649,"Data © OpenStreetMap contributors, ODbL 1.0. http://osm.org/copyright",relation,324211,boundary,administrative,12,0.775502540536438,city,Toronto,"Toronto, Golden Horseshoe, Ontario, Canada"
Barcelona,city_69,41.3825802,2.177073,75813050,"Data © OpenStreetMap contributors, ODbL 1.0. http://osm.org/copyright",relation,347950,boundary,administrative,16,0.803500320969179,city,Barcelona,"Barcelona, Barcelonès, Barcelona, Catalunya, España"
Dublin,city_70,53.3493795,-6.2605593,255973251,"Data © OpenStreetMap contributors, ODbL 1.0. http://osm.org/copyright",relation,1109531,boundary,administrative,13,0.759018154945314,city,Dublin,"Dublin, County Dublin, Leinster, Éire / Ireland"
Budapest,city_71,47.4978789,19.0402383,432049887,"Data © OpenStreetMap contributors, ODbL 1.0. http://osm.org/copyright",relation,1244004,boundary,administrative,16,0.808473198555551,city,Budapest,"Budapest, Közép-Magyarország, Magyarország"
Oxford,city_72,51.7520131,-1.2578499,260211437,"Data © OpenStreetMap contributors, ODbL 1.0. http://osm.org/copyright",relation,394037,boundary,administrative,16,0.716896684467407,city,Oxford,"Oxford, Oxfordshire, England, United Kingdom"
València,city_73,39.4697065,-0.3763353,272633887,"Data © OpenStreetMap contributors, ODbL 1.0. http://osm.org/copyright",relation,344953,boundary,administrative,16,0.73062880567836,city,València,"València, Comarca de València, València / Valencia, Comunitat Valenciana, España"
Denver,city_74,39.7392364,-104.984862,390482582,"Data © OpenStreetMap contributors, ODbL 1.0. http://osm.org/copyright",relation,1411339,boundary,administrative,12,0.701033270803286,city,Denver,"Denver, Colorado, United States"
Gwacheon,city_75,37.4289037,126.9881655,206619245,"Data © OpenStreetMap contributors, ODbL 1.0. http://osm.org/copyright",relation,2409169,boundary,administrative,12,0.502523480816419,city,과천시,"과천시, 경기도, 대한민국"
Giverny,city_76,49.0766185,1.5290285,90559388,"Data © OpenStreetMap contributors, ODbL 1.0. http://osm.org/copyright",relation,74718,boundary,administrative,16,0.592823445068898,village,Giverny,"Giverny, Les Andelys, Eure, Normandie, France métropolitaine, 27620, France"
Malaga,city_77,36.7213028,-4.4216366,272622849,"Data © OpenStreetMap contributors, ODbL 1.0. http://osm.org/copyright",relation,340746,boundary,administrative,16,0.677606569424513,municipality,Málaga,"Málaga, Málaga-Costa del Sol, Málaga, Andalucía, España"
Washington,city_78,38.8950368,-77.0365427,394523734,"Data © OpenStreetMap contributors, ODbL 1.0. http://osm.org/copyright",relation,5396194,place,city,16,0.81476996784786,city,Washington,"Washington, District of Columbia, United States"
Belo Horizonte,city_79,-19.9227318,-43.9450948,406106724,"Data © OpenStreetMap contributors, ODbL 1.0. http://osm.org/copyright",relation,368782,boundary,administrative,16,0.672999833668693,municipality,Belo Horizonte,"Belo Horizonte, Região Geográfica Imediata de Belo Horizonte, Região Metropolitana de Belo Horizonte, Região Geográfica Intermediária de Belo Horizonte, Minas Gerais, Brasil"
Porto,city_80,41.1502195,-8.6103497,264112904,"Data © OpenStreetMap contributors, ODbL 1.0. http://osm.org/copyright",relation,3372453,boundary,administrative,14,0.68467045953583,city,Porto,"Porto, Portugal"
Figueres,city_81,42.2666314,2.9638434,76670561,"Data © OpenStreetMap contributors, ODbL 1.0. http://osm.org/copyright",relation,347769,boundary,administrative,16,0.572670761494296,town,Figueres,"Figueres, Alt Empordà, Girona, Catalunya, España"
Cleveland,city_82,41.4996574,-81.6936772,342666654,"Data © OpenStreetMap contributors, ODbL 1.0. http://osm.org/copyright",relation,182130,boundary,administrative,16,0.700412908819145,city,Cleveland,"Cleveland, Cuyahoga County, Ohio, United States"
Dresden,city_83,51.0493286,13.7381437,124024151,"Data © OpenStreetMap contributors, ODbL 1.0. http://osm.org/copyright",relation,191645,boundary,administrative,12,0.744106358963161,city,Dresden,"Dresden, Sachsen, Deutschland"
Istanbul,city_84,41.006381,28.9758715,399452659,"Data © OpenStreetMap contributors, ODbL 1.0. http://osm.org/copyright",node,1882099475,place,city,16,0.782817507946841,city,İstanbul,"İstanbul, Fatih, İstanbul, Marmara Bölgesi, 34122, Türkiye"
Jerusalem,city_85,31.7788472,35.2257856,43182765,"Data © OpenStreetMap contributors, ODbL 1.0. http://osm.org/copyright",relation,1381350,boundary,administrative,15,0.777958298186371,city,ירושלים | القدس,"ירושלים | القدس, נפת ירושלים, מחוז ירושלים, ישראל"
São Paulo,city_86,-23.5506507,-46.6333824,414593982,"Data © OpenStreetMap contributors, ODbL 1.0. http://osm.org/copyright",relation,298285,boundary,administrative,16,0.755201644228762,municipality,São Paulo,"São Paulo, Região Imediata de São Paulo, Região Metropolitana de São Paulo, Região Geográfica Intermediária de São Paulo, São Paulo, Região Sudeste, Brasil"
Philadelphia,city_87,39.9527237,-75.1635262,328176169,"Data © OpenStreetMap contributors, ODbL 1.0. http://osm.org/copyright",relation,188022,boundary,administrative,16,0.772058162157397,city,Philadelphia,"Philadelphia, Philadelphia County, Pennsylvania, United States"
Kansas City,city_88,39.100105,-94.5781416,308870908,"Data © OpenStreetMap contributors, ODbL 1.0. http://osm.org/copyright",relation,141008,boundary,administrative,16,0.68351086664458,city,Kansas City,"Kansas City, Jackson County, Missouri, United States"
Zurich,city_89,47.3744489,8.5410422,65171958,"Data © OpenStreetMap contributors, ODbL 1.0. http://osm.org/copyright",relation,1682248,boundary,administrative,16,0.746973177463667,city,Zürich,"Zürich, Bezirk Zürich, Zürich, Schweiz/Suisse/Svizzera/Svizra"
Wakefield,city_90,53.6829541,-1.4967286,256793334,"Data © OpenStreetMap contributors, ODbL 1.0. http://osm.org/copyright",relation,109960,boundary,administrative,16,0.572950564338214,city,Wakefield,"Wakefield, West Yorkshire, England, United Kingdom"
St Louis,city_91,38.6254063,-90.190009,311347094,"Data © OpenStreetMap contributors, ODbL 1.0. http://osm.org/copyright",relation,1180533,boundary,administrative,12,0.715283532690014,city,Saint Louis,"Saint Louis, Missouri, United States"
Marseilles,city_92,41.3308666,-88.7081293,345219853,"Data © OpenStreetMap contributors, ODbL 1.0. http://osm.org/copyright",relation,126756,boundary,administrative,16,0.415808503906636,village,Marseilles,"Marseilles, LaSalle County, Illinois, 61341, United States"
Rio De Janeiro,city_93,-22.9110137,-43.2093727,410042041,"Data © OpenStreetMap contributors, ODbL 1.0. http://osm.org/copyright",relation,2697338,boundary,administrative,16,0.784945829582724,municipality,Rio de Janeiro,"Rio de Janeiro, Região Geográfica Imediata do Rio de Janeiro, Região Metropolitana do Rio de Janeiro, Região Geográfica Intermediária do Rio de Janeiro, Rio de Janeiro, Região Sudeste, Brasil"
Dallas,city_94,32.7762719,-96.7968559,428153631,"Data © OpenStreetMap contributors, ODbL 1.0. http://osm.org/copyright",relation,6571629,boundary,administrative,16,0.720873063720759,city,Dallas,"Dallas, Dallas County, Texas, United States"
Venaria,city_95,45.1348114,7.6268658,80859631,"Data © OpenStreetMap contributors, ODbL 1.0. http://osm.org/copyright",relation,44259,boundary,administrative,16,0.596311530529938,town,Venaria Reale,"Venaria Reale, Torino, Piemonte, 10078, Italia"
"Washington, Dc",city_96,38.8950368,-77.0365427,394370670,"Data © OpenStreetMap contributors, ODbL 1.0. http://osm.org/copyright",relation,5396194,place,city,16,0.81476996784786,city,Washington,"Washington, District of Columbia, United States"
Brasilia,city_97,-15.7939869,-47.8828,14448529,"Data © OpenStreetMap contributors, ODbL 1.0. http://osm.org/copyright",node,34567423,place,city,15,0.692565903968849,city,Brasília,"Brasília, Plano Piloto, Região Geográfica Imediata do Distrito Federal, Região Integrada de Desenvolvimento do Distrito Federal e Entorno, Região Geográfica Intermediária do Distrito Federal, Distrito Federal, Região Centro-Oeste, 70391-900, Brasil"
Kyoto,city_98,35.0115754,135.7681441,408063735,"Data © OpenStreetMap contributors, ODbL 1.0. http://osm.org/copyright",relation,357794,boundary,administrative,16,0.70860091756966,city,京都市,"京都市, 京都府, 日本"
Sao Paulo,city_99,-23.5506507,-46.6333824,414593982,"Data © OpenStreetMap contributors, ODbL 1.0. http://osm.org/copyright",relation,298285,boundary,administrative,16,0.755201644228762,municipality,São Paulo,"São Paulo, Região Imediata de São Paulo, Região Metropolitana de São Paulo, Região Geográfica Intermediária de São Paulo, São Paulo, Região Sudeste, Brasil"
New York City,city_100,40.7127281,-74.0060152,423784731,"Data © OpenStreetMap contributors, ODbL 1.0. http://osm.org/copyright",relation,175905,boundary,administrative,10,0.881792336360412,city,New York,"New York, United States"
"Washington, D.C.",city_101,38.8950368,-77.0365427,394523734,"Data © OpenStreetMap contributors, ODbL 1.0. http://osm.org/copyright",relation,5396194,place,city,16,0.81476996784786,city,Washington,"Washington, District of Columbia, United States"
Saint Petersburg,city_102,27.7712264,-82.6340259,281537537,"Data © OpenStreetMap contributors, ODbL 1.0. http://osm.org/copyright",relation,118894,boundary,administrative,16,0.615560179784599,city,Saint Petersburg,"Saint Petersburg, Pinellas County, Florida, United States"
Washington D.C.,city_103,38.8950368,-77.0365427,394523734,"Data © OpenStreetMap contributors, ODbL 1.0. http://osm.org/copyright",relation,5396194,place,city,16,0.81476996784786,city,Washington,"Washington, District of Columbia, United States"
Brasília,city_104,-15.7939869,-47.8828,14380433,"Data © OpenStreetMap contributors, ODbL 1.0. http://osm.org/copyright",node,34567423,place,city,15,0.692565903968849,city,Brasília,"Brasília, Plano Piloto, Região Geográfica Imediata do Distrito Federal, Região Integrada de Desenvolvimento do Distrito Federal e Entorno, Região Geográfica Intermediária do Distrito Federal, Distrito Federal, Região Centro-Oeste, 70391-900, Brasil"
Rome,city_105,41.8933203,12.4829321,413667968,"Data © OpenStreetMap contributors, ODbL 1.0. http://osm.org/copyright",relation,41485,boundary,administrative,16,0.856324790218655,city,Roma,"Roma, Roma Capitale, Lazio, Italia"
Birmingham,city_106,52.4796992,-1.9026911,257697442,"Data © OpenStreetMap contributors, ODbL 1.0. http://osm.org/copyright",relation,162378,boundary,administrative,16,0.733035263472209,city,Birmingham,"Birmingham, West Midlands, England, United Kingdom"
Minneapolis,city_107,44.9772995,-93.2654692,344511667,"Data © OpenStreetMap contributors, ODbL 1.0. http://osm.org/copyright",relation,136712,boundary,administrative,16,0.695415653703585,city,Minneapolis,"Minneapolis, Hennepin County, Minnesota, United States"
Detroit,city_108,42.3315509,-83.0466403,340989856,"Data © OpenStreetMap contributors, ODbL 1.0. http://osm.org/copyright",relation,134591,boundary,administrative,16,0.732171962737691,city,Detroit,"Detroit, Wayne County, Michigan, United States"
Humlebæk,city_109,55.9618789,12.5305462,137227398,"Data © OpenStreetMap contributors, ODbL 1.0. http://osm.org/copyright",node,26559049,place,town,18,0.407290083023225,town,Humlebæk,"Humlebæk, Fredensborg Kommune, Region Hovedstaden, 3050, Danmark"
Seattle,city_110,47.6038321,-122.330062,300882686,"Data © OpenStreetMap contributors, ODbL 1.0. http://osm.org/copyright",relation,237385,boundary,administrative,16,0.734437806240744,city,Seattle,"Seattle, King County, Washington, United States"
Valencia,city_111,39.4697065,-0.3763353,271799237,"Data © OpenStreetMap contributors, ODbL 1.0. http://osm.org/copyright",relation,344953,boundary,administrative,16,0.73062880567836,city,València,"València, Comarca de València, València / Valencia, Comunitat Valenciana, España"
Lens,city_112,50.4291723,2.8319805,93404284,"Data © OpenStreetMap contributors, ODbL 1.0. http://osm.org/copyright",relation,1175586,boundary,administrative,16,0.631840938150968,city,Lens,"Lens, Pas-de-Calais, Hauts-de-France, France métropolitaine, 62300, France"
Trieste,city_113,45.6496485,13.7772781,71640071,"Data © OpenStreetMap contributors, ODbL 1.0. http://osm.org/copyright",relation,179180,boundary,administrative,16,0.701263667407741,city,Trieste,"Trieste, Friuli-Venezia Giulia, 34121-34151, Italia"
Naples,city_114,40.8358846,14.2487679,73196225,"Data © OpenStreetMap contributors, ODbL 1.0. http://osm.org/copyright",relation,40767,boundary,administrative,16,0.770204758641211,city,Napoli,"Napoli, Campania, Italia"
Gwangju,city_115,35.1594647,126.8515034,206407034,"Data © OpenStreetMap contributors, ODbL 1.0. http://osm.org/copyright",relation,2399220,boundary,administrative,8,0.644490620659024,city,광주광역시,"광주광역시, 대한민국"
Bruges,city_116,51.2085526,3.226772,398879291,"Data © OpenStreetMap contributors, ODbL 1.0. http://osm.org/copyright",relation,562654,boundary,administrative,14,0.671014530241611,city,Brugge,"Brugge, West-Vlaanderen, Vlaanderen, België / Belgique / Belgien"
Metz,city_117,49.1196964,6.1763552,108896163,"Data © OpenStreetMap contributors, ODbL 1.0. http://osm.org/copyright",relation,450381,boundary,administrative,16,0.694031640291981,city,Metz,"Metz, Moselle, Grand Est, France métropolitaine, France"
Caserta,city_118,41.0820827,14.334708,72653369,"Data © OpenStreetMap contributors, ODbL 1.0. http://osm.org/copyright",relation,41056,boundary,administrative,16,0.604048929850668,city,Caserta,"Caserta, Campania, Italia"
Gongju,city_119,36.47257,127.09124,206731844,"Data © OpenStreetMap contributors, ODbL 1.0. http://osm.org/copyright",relation,7578884,boundary,administrative,12,0.524580981356834,city,공주시,"공주시, 충청남도, 대한민국"
Atlanta,city_120,33.7544657,-84.3898151,316730183,"Data © OpenStreetMap contributors, ODbL 1.0. http://osm.org/copyright",relation,119557,boundary,administrative,16,0.753975848915844,city,Atlanta,"Atlanta, Fulton County, Georgia, United States"
Stockholm,city_121,59.3251172,18.0710935,153218692,"Data © OpenStreetMap contributors, ODbL 1.0. http://osm.org/copyright",node,25929985,place,city,15,0.793142926658529,city,Stockholm,"Stockholm, Stockholms kommun, Stockholms län, 111 29, Sverige"
Rio,city_122,-22.9110137,-43.2093727,410042041,"Data © OpenStreetMap contributors, ODbL 1.0. http://osm.org/copyright",relation,2697338,boundary,administrative,16,0.784945829582724,municipality,Rio de Janeiro,"Rio de Janeiro, Região Geográfica Imediata do Rio de Janeiro, Região Metropolitana do Rio de Janeiro, Região Geográfica Intermediária do Rio de Janeiro, Rio de Janeiro, Região Sudeste, Brasil"
Buenos Aires,city_123,-34.6095579,-58.3887904,409597036,"Data © OpenStreetMap contributors, ODbL 1.0. http://osm.org/copyright",relation,1224652,boundary,administrative,16,0.782815821155064,city,Buenos Aires,"Buenos Aires, Comuna 1, Ciudad Autónoma de Buenos Aires, Argentina"
Brumadinho,city_124,-20.143611,-44.2,9002444,"Data © OpenStreetMap contributors, ODbL 1.0. http://osm.org/copyright",relation,314762,boundary,administrative,16,0.557860989333136,municipality,Brumadinho,"Brumadinho, Região Geográfica Imediata de Belo Horizonte, Região Metropolitana de Belo Horizonte, Região Geográfica Intermediária de Belo Horizonte, Minas Gerais, 35460-000, Brasil"
Bonn,city_125,50.7352621,7.1024635,106352473,"Data © OpenStreetMap contributors, ODbL 1.0. http://osm.org/copyright",relation,62508,boundary,administrative,12,0.710977508742476,city,Bonn,"Bonn, Nordrhein-Westfalen, Deutschland"
Indianapolis,city_127,39.7683331,-86.1583502,394601237,"Data © OpenStreetMap contributors, ODbL 1.0. http://osm.org/copyright",relation,18438530,boundary,administrative,16,0.696369717253312,city,Indianapolis,"Indianapolis, Marion County, Indiana, United States"
Valéncia,city_128,39.4697065,-0.3763353,272633887,"Data © OpenStreetMap contributors, ODbL 1.0. http://osm.org/copyright",relation,344953,boundary,administrative,16,0.73062880567836,city,València,"València, Comarca de València, València / Valencia, Comunitat Valenciana, España"
Nara,city_129,34.6845445,135.8048359,248740257,"Data © OpenStreetMap contributors, ODbL 1.0. http://osm.org/copyright",relation,3227707,boundary,administrative,14,0.601059787071074,city,奈良市,"奈良市, 奈良県, 日本"
Bristol,city_130,51.4538022,-2.5972985,260153012,"Data © OpenStreetMap contributors, ODbL 1.0. http://osm.org/copyright",relation,5746665,place,city,16,0.704216733014046,city,Bristol,"Bristol, City of Bristol, West of England, England, United Kingdom"
The Hague,city_131,52.0749456,4.2696802,146112302,"Data © OpenStreetMap contributors, ODbL 1.0. http://osm.org/copyright",relation,192736,boundary,administrative,14,0.73754426382606,municipality,Den Haag,"Den Haag, Zuid-Holland, Nederland"
Manchester,city_132,53.4794892,-2.2451148,256690295,"Data © OpenStreetMap contributors, ODbL 1.0. http://osm.org/copyright",relation,146656,boundary,administrative,16,0.739666264252095,city,Manchester,"Manchester, Greater Manchester, England, United Kingdom"
Cambridge,city_133,52.2055314,0.1186637,146404227,"Data © OpenStreetMap contributors, ODbL 1.0. http://osm.org/copyright",relation,295355,boundary,administrative,16,0.699005843220117,city,Cambridge,"Cambridge, Cambridgeshire, Cambridgeshire and Peterborough, England, United Kingdom"
Hamburg,city_134,53.5501721,10.0013165,130708599,"Data © OpenStreetMap contributors, ODbL 1.0. http://osm.org/copyright",relation,62782,boundary,administrative,8,0.787729016260815,city,Hamburg,"Hamburg, Deutschland"
Yokohama,city_135,35.4503381,139.6343802,245513467,"Data © OpenStreetMap contributors, ODbL 1.0. http://osm.org/copyright",relation,2689482,boundary,administrative,16,0.709464804597837,city,横浜市,"横浜市, 神奈川県, 231-0017, 日本"
Kobe,city_136,34.6932379,135.1943764,247956681,"Data © OpenStreetMap contributors, ODbL 1.0. http://osm.org/copyright",relation,900329,boundary,administrative,16,0.681112265476179,city,神戸市,"神戸市, 兵庫県, 日本"
Brescia,city_137,45.5398022,10.2200214,67898390,"Data © OpenStreetMap contributors, ODbL 1.0. http://osm.org/copyright",relation,45144,boundary,administrative,16,0.680551915241452,city,Brescia,"Brescia, Lombardia, 25121-25136, Italia"
San Diego,city_138,32.7174202,-117.162772,395280514,"Data © OpenStreetMap contributors, ODbL 1.0. http://osm.org/copyright",relation,253832,boundary,administrative,16,0.731977951818745,city,San Diego,"San Diego, San Diego County, California, United States"
Rovereto,city_139,45.886548,11.0452369,66733480,"Data © OpenStreetMap contributors, ODbL 1.0. http://osm.org/copyright",relation,46260,boundary,administrative,16,0.604294092219277,town,Rovereto,"Rovereto, Comunità della Vallagarina, Provincia di Trento, Trentino-Alto Adige/Südtirol, Italia"
Gateshead,city_140,54.9625789,-1.6019294,254630813,"Data © OpenStreetMap contributors, ODbL 1.0. http://osm.org/copyright",relation,140462,boundary,administrative,16,0.570721683747413,town,Gateshead,"Gateshead, Tyne and Wear, North East, England, United Kingdom"
Ottawa,city_141,45.4208777,-75.6901106,339808517,"Data © OpenStreetMap contributors, ODbL 1.0. http://osm.org/copyright",relation,4136816,boundary,administrative,12,0.722134552456339,city,Ottawa,"Ottawa, Eastern Ontario, Ontario, Canada"
Portland,city_142,45.5202471,-122.674194,302314350,"Data © OpenStreetMap contributors, ODbL 1.0. http://osm.org/copyright",relation,186579,boundary,administrative,16,0.70990021603548,city,Portland,"Portland, Multnomah County, Oregon, United States"
Baltimore,city_143,39.2908816,-76.610759,321245733,"Data © OpenStreetMap contributors, ODbL 1.0. http://osm.org/copyright",relation,133345,boundary,administrative,12,0.716220519937847,city,Baltimore,"Baltimore, Maryland, United States"
Rotterdam,city_144,51.9244424,4.47775,391374800,"Data © OpenStreetMap contributors, ODbL 1.0. http://osm.org/copyright",relation,1411101,boundary,administrative,16,0.732760533224703,city,Rotterdam,"Rotterdam, Zuid-Holland, Nederland"
Otterlo,city_145,52.1014784,5.7719492,142867715,"Data © OpenStreetMap contributors, ODbL 1.0. http://osm.org/copyright",relation,334648,boundary,administrative,16,0.454961168417797,village,Otterlo,"Otterlo, Ede, Gelderland, Nederland"
Omaha,city_146,41.2587459,-95.9383758,413916893,"Data © OpenStreetMap contributors, ODbL 1.0. http://osm.org/copyright",relation,169759,boundary,administrative,16,0.654402522565326,city,Omaha,"Omaha, Douglas County, Nebraska, United States"
Pittsburgh,city_147,40.4406968,-80.0025666,323254481,"Data © OpenStreetMap contributors, ODbL 1.0. http://osm.org/copyright",relation,188553,boundary,administrative,16,0.70987710127584,city,Pittsburgh,"Pittsburgh, Allegheny County, Pennsylvania, United States"
Bergamo,city_148,45.6944947,9.6698727,67566719,"Data © OpenStreetMap contributors, ODbL 1.0. http://osm.org/copyright",relation,45681,boundary,administrative,16,0.682265791450609,city,Bergamo,"Bergamo, Lombardia, 24121-24129, Italia"
St Ives,city_149,50.2149064,-5.4795083,264116741,"Data © OpenStreetMap contributors, ODbL 1.0. http://osm.org/copyright",relation,5845435,boundary,administrative,20,0.552320586794779,town,St. Ives,"St. Ives, Cornwall, England, United Kingdom"
"Portland, OR",city_150,45.523064,-122.676483,,,,,,,,,,,
Stuttgart,city_151,48.7784485,9.1800132,111932027,"Data © OpenStreetMap contributors, ODbL 1.0. http://osm.org/copyright",relation,2793104,boundary,administrative,12,0.748292312560302,city,Stuttgart,"Stuttgart, Baden-Württemberg, Deutschland"
Mantova,city_152,45.1566683,10.7917191,67157891,"Data © OpenStreetMap contributors, ODbL 1.0. http://osm.org/copyright",relation,44232,boundary,administrative,16,0.670447124970365,town,Mantova,"Mantova, Lombardia, 46100, Italia"
Columbus,city_153,39.9622601,-83.0007065,314740376,"Data © OpenStreetMap contributors, ODbL 1.0. http://osm.org/copyright",relation,182706,boundary,administrative,16,0.684111315481715,city,Columbus,"Columbus, Franklin County, Ohio, United States"
Milwaukee,city_154,43.0386475,-87.9090751,340195661,"Data © OpenStreetMap contributors, ODbL 1.0. http://osm.org/copyright",relation,251075,boundary,administrative,16,0.675016452983319,city,Milwaukee,"Milwaukee, Milwaukee County, Wisconsin, United States"
Como,city_155,45.8115623,9.0830353,68318242,"Data © OpenStreetMap contributors, ODbL 1.0. http://osm.org/copyright",relation,46085,boundary,administrative,16,0.645032154717069,city,Como,"Como, Lombardia, 22100, Italia"
Verona,city_156,45.4384958,10.9924122,66981582,"Data © OpenStreetMap contributors, ODbL 1.0. http://osm.org/copyright",relation,44830,boundary,administrative,16,0.702310003617149,city,Verona,"Verona, Veneto, 37121-37142, Italia"
Colorado Springs,city_157,38.8339578,-104.825348,301740070,"Data © OpenStreetMap contributors, ODbL 1.0. http://osm.org/copyright",relation,113141,boundary,administrative,16,0.638863143493851,city,Colorado Springs,"Colorado Springs, El Paso County, Colorado, United States"
Fort Worth,city_158,32.753177,-97.3327459,308581836,"Data © OpenStreetMap contributors, ODbL 1.0. http://osm.org/copyright",relation,115274,boundary,administrative,16,0.666970042747073,city,Fort Worth,"Fort Worth, Tarrant County, Texas, United States"
Colorado Sp.,city_159,38.8339578,-104.825348,,,,,,,,,,,
Trento,city_160,46.0664228,11.1257601,429138220,"Data © OpenStreetMap contributors, ODbL 1.0. http://osm.org/copyright",relation,46663,boundary,administrative,16,0.657532438565239,city,Trento,"Trento, Territorio Val d'Adige, Provincia di Trento, Trentino-Alto Adige/Südtirol, Italia"
Toledo,city_161,39.8558913,-4.024265,274463589,"Data © OpenStreetMap contributors, ODbL 1.0. http://osm.org/copyright",relation,342999,boundary,administrative,16,0.664245768841663,city,Toledo,"Toledo, Castilla-La Mancha, España"
Munich,city_162,48.1371079,11.5753822,117173815,"Data © OpenStreetMap contributors, ODbL 1.0. http://osm.org/copyright",relation,62428,boundary,administrative,12,0.810598166158946,city,München,"München, Bayern, Deutschland"
Buffalo,city_163,42.8864163,-78.8781493,325515204,"Data © OpenStreetMap contributors, ODbL 1.0. http://osm.org/copyright",relation,175031,boundary,administrative,14,0.677583440152104,city,Buffalo,"Buffalo, Erie County, New York, United States"
Helsinki,city_164,60.1666204,24.9435408,155717463,"Data © OpenStreetMap contributors, ODbL 1.0. http://osm.org/copyright",relation,34914,boundary,administrative,15,0.797091037783887,city,Helsinki,"Helsinki, Helsingin seutukunta, Uusimaa, Manner-Suomi, Suomi / Finland"
Ann Arbor,city_165,42.2813722,-83.7484616,341742800,"Data © OpenStreetMap contributors, ODbL 1.0. http://osm.org/copyright",relation,135130,boundary,administrative,16,0.636618152119567,city,Ann Arbor,"Ann Arbor, Washtenaw County, Michigan, United States"
St. Louis,city_166,38.6254063,-90.190009,311048535,"Data © OpenStreetMap contributors, ODbL 1.0. http://osm.org/copyright",relation,1180533,boundary,administrative,12,0.715283532690014,city,Saint Louis,"Saint Louis, Missouri, United States"
Louisville,city_167,38.2542376,-85.759407,407173952,"Data © OpenStreetMap contributors, ODbL 1.0. http://osm.org/copyright",relation,1804307,boundary,administrative,16,0.672993066836042,city,Louisville,"Louisville, Jefferson County, Kentucky, United States"
Salzburg,city_168,47.7981346,13.0464806,62550056,"Data © OpenStreetMap contributors, ODbL 1.0. http://osm.org/copyright",relation,86538,boundary,administrative,12,0.695851476629546,city,Salzburg,"Salzburg, 5020, Österreich"
Long Island,city_169,39.949454,-99.535939,305501828,"Data © OpenStreetMap contributors, ODbL 1.0. http://osm.org/copyright",relation,129660,boundary,administrative,16,0.436372119339794,village,Long Island,"Long Island, Phillips County, Kansas, United States"
Des Moines,city_170,41.5868654,-93.6249494,344331051,"Data © OpenStreetMap contributors, ODbL 1.0. http://osm.org/copyright",relation,128653,boundary,administrative,16,0.638229531565434,city,Des Moines,"Des Moines, Polk County, Iowa, United States"
Col. Springs,city_171,38.8339578,-104.825348,,,,,,,,,,,
New Haven,city_172,41.3082138,-72.9250518,326667564,"Data © OpenStreetMap contributors, ODbL 1.0. http://osm.org/copyright",relation,270191,boundary,administrative,16,0.658310440619831,city,New Haven,"New Haven, South Central Connecticut Planning Region, Connecticut, United States"
Cologne,city_173,50.938361,6.959974,106426714,"Data © OpenStreetMap contributors, ODbL 1.0. http://osm.org/copyright",relation,62578,boundary,administrative,12,0.758302857473483,city,Köln,"Köln, Nordrhein-Westfalen, Deutschland"
Treviso,city_174,45.6658505,12.2455414,75801891,"Data © OpenStreetMap contributors, ODbL 1.0. http://osm.org/copyright",relation,45511,boundary,administrative,16,0.638954244929714,city,Treviso,"Treviso, Veneto, 31100, Italia"
Genoa,city_175,44.40726,8.9338624,419141609,"Data © OpenStreetMap contributors, ODbL 1.0. http://osm.org/copyright",relation,44875,boundary,administrative,16,0.740410984757261,city,Genova,"Genova, Liguria, Italia"
Perugia,city_176,43.1119613,12.3890104,71634937,"Data © OpenStreetMap contributors, ODbL 1.0. http://osm.org/copyright",relation,42278,boundary,administrative,16,0.658659514100757,city,Perugia,"Perugia, Umbria, Italia"
Siena,city_177,43.3185536,11.3316533,74196626,"Data © OpenStreetMap contributors, ODbL 1.0. http://osm.org/copyright",relation,42398,boundary,administrative,16,0.671613931861837,city,Siena,"Siena, Toscana, 53100, Italia"
Zürich,city_178,47.3744489,8.5410422,64454876,"Data © OpenStreetMap contributors, ODbL 1.0. http://osm.org/copyright",relation,1682248,boundary,administrative,16,0.746973177463667,city,Zürich,"Zürich, Bezirk Zürich, Zürich, Schweiz/Suisse/Svizzera/Svizra"
Quebec,city_179,46.8137431,-71.2084061,337688428,"Data © OpenStreetMap contributors, ODbL 1.0. http://osm.org/copyright",relation,2319206,boundary,administrative,16,0.670428361118322,city,Québec,"Québec, Agglomération de Québec, Capitale-Nationale, Québec, Canada"
Santa Fe,city_181,35.6876096,-105.938456,417246880,"Data © OpenStreetMap contributors, ODbL 1.0. http://osm.org/copyright",relation,171264,boundary,administrative,16,0.617562451278943,city,Santa Fe,"Santa Fe, Santa Fe County, New Mexico, United States"
Bologna,city_182,44.4938203,11.3426327,70322195,"Data © OpenStreetMap contributors, ODbL 1.0. http://osm.org/copyright",relation,43172,boundary,administrative,16,0.738813147707967,city,Bologna,"Bologna, Emilia-Romagna, Italia"
Bassano,city_183,50.7878642,-112.4658831,349094831,"Data © OpenStreetMap contributors, ODbL 1.0. http://osm.org/copyright",node,51971418,place,town,18,0.160040000762951,town,Bassano,"Bassano, Town of Bassano, Alberta, T0J 0B0, Canada"
Williamstown,city_184,42.7135472,-73.2094566,328551876,"Data © OpenStreetMap contributors, ODbL 1.0. http://osm.org/copyright",relation,1839572,boundary,administrative,16,0.498562780451818,town,Williamstown,"Williamstown, Berkshire County, Massachusetts, 01267, United States"
Padova,city_185,45.4077172,11.8734455,66686951,"Data © OpenStreetMap contributors, ODbL 1.0. http://osm.org/copyright",relation,44836,boundary,administrative,16,0.697629850915011,city,Padova,"Padova, Veneto, 35121-35143, Italia"
Urbino,city_186,43.7262608,12.6363135,72447600,"Data © OpenStreetMap contributors, ODbL 1.0. http://osm.org/copyright",relation,42568,boundary,administrative,16,0.609923869650125,town,Urbino,"Urbino, Pesaro e Urbino, Marche, 61029, Italia"
