muci1,muci2,museum1,museum2,src,b_same
muci_6,muci_5,Stedelijk Museum,Van Gogh Museum,geo,0
muci_11,muci_9,Museu Nacional d'Art de Catalunya (MNAC),MNAC,geo,1
muci_16,muci_15,UCCA Center for Contemporary Art,Ullens Center for Contemporary Art,"geo,stringdist",1
muci_18,muci_17,Centro Cultural Banco Brasil,Centro Cultural Banco do Brasil,"geo,stringdist",1
muci_25,muci_24,Guggenheim Museum Bilbao,Guggenheim,geo,1
muci_27,muci_26,"Museum of Fine Arts (MFA), Boston",Museum of Fine Arts,"geo,stringdist",1
muci_28,muci_26,Museum of Fine Arts (MFA Boston),Museum of Fine Arts,"geo,stringdist",1
muci_29,muci_26,Museum of Fine Arts Boston,Museum of Fine Arts,"geo,stringdist",1
muci_28,muci_27,Museum of Fine Arts (MFA Boston),"Museum of Fine Arts (MFA), Boston","geo,stringdist",1
muci_29,muci_27,Museum of Fine Arts Boston,"Museum of Fine Arts (MFA), Boston","geo,stringdist",1
muci_29,muci_28,Museum of Fine Arts Boston,Museum of Fine Arts (MFA Boston),"geo,stringdist",1
muci_33,muci_31,Gallery of Modern Art,Gallery of Modern Art (GOMA),"geo,stringdist",1
muci_34,muci_32,Queensland Art Gallery,Queensland Art Gallery (QAG),"geo,stringdist",1
muci_36,muci_35,Musées Royaux des Beaux-Arts de Belgique,Musées Royaux des Beaux-Arts,"geo,stringdist",1
muci_51,muci_50,National Galleries Scotland: National,Scottish National Gallery,geo,1
muci_53,muci_52,Dali Theatre-Museum,Teatre-Museu Dalí,geo,1
muci_57,muci_54,Gallerie degli Uffizi,Galleria degli Uffizi,"geo,stringdist",1
muci_56,muci_55,Galleria dell’Accademia di Firenze,Galleria dell'Accademia di Firenze,"geo,stringdist",1
muci_58,muci_55,Galleria dell'Accademia,Galleria dell'Accademia di Firenze,"geo,stringdist",1
muci_58,muci_56,Galleria dell'Accademia,Galleria dell’Accademia di Firenze,"geo,stringdist",1
muci_63,muci_62,Fondation Monet,Fondation Claude Monet,"geo,stringdist",1
muci_65,muci_64,Kelvingrove Art Gallery & Museum,Kelvingrove Art Gallery and Museum,"geo,stringdist",1
muci_75,muci_74,"Museum of Fine Arts, Houston",Museum of Fine Arts,"geo,stringdist",1
muci_80,muci_79,Israel Museume,Israel Museum,"geo,stringdist",1
muci_82,muci_81,21st century Museum of Contemporary Art,21st Century Museum of Contemporary Art,geo,1
muci_85,muci_84,National Museum,National Museum in Krakow,"geo,stringdist",1
muci_87,muci_86,Wawel Royal Castle,Royal Wawel Castle,"geo,stringdist",1
muci_92,muci_91,"World Museum, Liverpool",World Museum,geo,1
muci_99,muci_95,National Portrait Gallery,National Gallery,"geo,stringdist",0
muci_104,muci_95,"National Portrait Gallery, London",National Gallery,geo,0
muci_103,muci_96,Victoria and Albert Museum,Victoria and Albert,"geo,stringdist",1
muci_104,muci_99,"National Portrait Gallery, London",National Portrait Gallery,"geo,stringdist",1
muci_111,muci_106,J. Paul Getty Museum (Getty Center),Getty Center,geo,1
muci_109,muci_107,Los Angeles County Museum of Art,Lacma,geo,1
muci_110,muci_107,Los Angeles County Museum of Art (Lacma),Lacma,geo,1
muci_110,muci_109,Los Angeles County Museum of Art (Lacma),Los Angeles County Museum of Art,"geo,stringdist",1
muci_117,muci_112,Museo Reina Sofía,Reina Sofia,geo,1
muci_120,muci_112,Reina Sofia (main site),Reina Sofia,geo,1
muci_122,muci_112,Reina Sofia: Main site,Reina Sofia,geo,1
muci_118,muci_114,CaixaForum,CaixaForum Madrid,"geo,stringdist",1
muci_123,muci_114,"CaixaForum Madrid, Fundacion La Caixa",CaixaForum Madrid,geo,1
muci_121,muci_115,Museo Nacional Thyssen-Bornemisza,Museo Thyssen-Bornemisza,"geo,stringdist",1
muci_120,muci_117,Reina Sofia (main site),Museo Reina Sofía,geo,1
muci_122,muci_117,Reina Sofia: Main site,Museo Reina Sofía,geo,1
muci_123,muci_118,"CaixaForum Madrid, Fundacion La Caixa",CaixaForum,geo,1
muci_122,muci_120,Reina Sofia: Main site,Reina Sofia (main site),"geo,stringdist",1
muci_125,muci_124,Museo Picasso Málaga,Museo Picasso Malaga,"geo,stringdist",1
muci_127,muci_126,mucem,Mucem,geo,1
muci_128,muci_126,Mucem - Musée des civilisations de l'Europe et de la Méditerranée,Mucem,geo,1
muci_129,muci_126,Mucem,Mucem,geo,1
muci_128,muci_127,Mucem - Musée des civilisations de l'Europe et de la Méditerranée,mucem,geo,1
muci_129,muci_127,Mucem,mucem,geo,1
muci_129,muci_128,Mucem,Mucem - Musée des civilisations de l'Europe et de la Méditerranée,geo,1
muci_133,muci_130,National Gallery of Victoria,NGV International,geo,1
muci_140,muci_139,Triennale Milano,Triennale di Milano,"geo,stringdist",1
muci_147,muci_144,State Pushkin Museum of Fine Arts,Pushkin Museum,geo,1
muci_148,muci_145,Garage Museum of Contemporary Art,Garage Museum,geo,1
muci_150,muci_149,GES-2 House of Culture,Contemporary Art Center Winzavod,geo,0
muci_156,muci_152,Museum of Modern Art (MoMA),Museum of Modern Art,"geo,stringdist",1
muci_158,muci_153,Solomon R. Guggenheim Museum,Guggenheim Museum,geo,1
muci_157,muci_154,Whitney Museum of American Art,Whitney Museum,geo,1
muci_159,muci_155,Metropolitan Museum of Art (Fifth Avenue),Metropolitan Museum of Art,"geo,stringdist",1
muci_172,muci_166,Musée d’Orsay,Musée d'Orsay,"geo,stringdist",1
muci_174,muci_170,Grand Palais,Galeries Nationales du Grand Palais,geo,1
muci_173,muci_171,Musée de l’Orangerie,Musée de l'Orangerie,"geo,stringdist",1
muci_178,muci_177,Musée d'Art Moderne de Paris,Palais de Tokyo,geo,0
muci_186,muci_185,M. H. de Young Museum,de Young Museum,"geo,stringdist",1
muci_188,muci_187,The Huntington,Huntington Library,geo,1
muci_189,muci_187,"The Huntington Library, Art Museum, and Botanical Gardens",Huntington Library,geo,1
muci_189,muci_188,"The Huntington Library, Art Museum, and Botanical Gardens",The Huntington,geo,1
muci_199,muci_192,National Museum of Korea Seoul,National Museum of Korea,"geo,stringdist",1
muci_196,muci_195,National Museum of Modern and Contemporary Art (MMCA),MMCA,geo,1
muci_204,muci_200,Shanghai Museum on People's Square,Shanghai Museum,geo,1
muci_206,muci_205,National Gallery Singapore,National Gallery,"geo,stringdist",1
muci_211,muci_208,State Hermitage Museum,State Hermitage,"geo,stringdist",1
muci_212,muci_210,Faberge Museum,Fabergé Museum,"geo,stringdist",1
muci_215,muci_214,Museum of Contemporary Art Australia,MCA Australia,geo,1
muci_223,muci_220,National Art Center,National Art Center Tokyo,"geo,stringdist",1
muci_225,muci_224,National Museum of Modern Art (MOMAT),National Museum of Modern Art,"geo,stringdist",1
muci_230,muci_228,Royal Ontario Museum (ROM),Royal Ontario Museum,"geo,stringdist",1
muci_239,muci_236,Upper Belvedere,Österreichische Galerie Belvedere,geo,1
muci_242,muci_241,"Royal Castle, Warsaw",Royal Castle,"geo,stringdist",1
muci_252,muci_245,National Museum of the American Indian,American Indian Museum,geo,1
muci_248,muci_247,SAAM,National Portrait Gallery,geo,0
muci_249,muci_247,Smithsonian American Art Museum (SAAM) main building,National Portrait Gallery,geo,0
muci_251,muci_247,Smithsonian American Art Museum,National Portrait Gallery,geo,0
muci_253,muci_247,Smithsonian American Art Museum (SAAM),National Portrait Gallery,geo,0
muci_249,muci_248,Smithsonian American Art Museum (SAAM) main building,SAAM,geo,1
muci_251,muci_248,Smithsonian American Art Museum,SAAM,geo,1
muci_253,muci_248,Smithsonian American Art Museum (SAAM),SAAM,geo,1
muci_251,muci_249,Smithsonian American Art Museum,Smithsonian American Art Museum (SAAM) main building,"geo,stringdist",1
muci_253,muci_249,Smithsonian American Art Museum (SAAM),Smithsonian American Art Museum (SAAM) main building,"geo,stringdist",1
muci_253,muci_251,Smithsonian American Art Museum (SAAM),Smithsonian American Art Museum,"geo,stringdist",1
muci_203,muci_200,Shanghai Museum East,Shanghai Museum,stringdist,0
muci_193,muci_192,National Folk Museum of Korea,National Museum of Korea,stringdist,0
muci_105,muci_102,"Imperial War Museum, London",Imperial War Museum,stringdist,1
muci_155,muci_151,Metropolitan Museum of Art,Metropolitan Museum,stringdist,1
muci_225,muci_222,National Museum of Modern Art (MOMAT),National Museum of Western Art,stringdist,0
muci_14,muci_13,National Art Museum of China,National Museum of China,stringdist,0
muci_117,muci_116,Museo Reina Sofía,Reina Sofía,stringdist,1
muci_224,muci_222,National Museum of Modern Art,National Museum of Western Art,stringdist,0
muci_199,muci_193,National Museum of Korea Seoul,National Folk Museum of Korea,stringdist,0
muci_116,muci_112,Reina Sofía,Reina Sofia,stringdist,1
muci_257,muci_31,Queensland Gallery of Modern Art,Gallery of Modern Art (GOMA),geo,1
muci_257,muci_33,Queensland Gallery of Modern Art,Gallery of Modern Art,"geo,stringdist",1
muci_258,muci_52,Dalí Theatre and Museum,Teatre-Museu Dalí,geo,1
muci_258,muci_53,Dalí Theatre and Museum,Dali Theatre-Museum,geo,1
muci_259,muci_113,Museo del Prado,Museo Nacional del Prado,geo,1
muci_260,muci_126,Museum of European and Mediterranean Civilisations,Mucem,geo,1
muci_260,muci_127,Museum of European and Mediterranean Civilisations,mucem,geo,1
muci_260,muci_128,Museum of European and Mediterranean Civilisations,Mucem - Musée des civilisations de l'Europe et de la Méditerranée,geo,1
muci_260,muci_129,Museum of European and Mediterranean Civilisations,Mucem,geo,1
muci_261,muci_131,Australian Centre for the Moving Image,Centre for the Moving Image,"geo,stringdist",1
muci_262,muci_138,Royal Palace of Milan,Palazzo Reale,geo,1
muci_263,muci_143,Tretyakov Gallery,State Tretyakov Gallery,"geo,stringdist",1
muci_264,muci_144,Pushkin State Museum of Fine Arts,Pushkin Museum,geo,1
muci_264,muci_147,Pushkin State Museum of Fine Arts,State Pushkin Museum of Fine Arts,"geo,stringdist",1
muci_265,muci_165,Musée National d'Art Moderne (Centre Pompidou),Centre Pompidou,geo,1
muci_267,muci_167,Musée du quai Branly,Musée du Quai Branly,geo,1
muci_266,muci_169,Louis Vuitton Foundation,Fondation Louis Vuitton,"geo,stringdist",1
muci_270,muci_184,San Francisco Museum of Modern Art,SFMoMA,geo,1
muci_271,muci_185,De Young Museum,de Young Museum,geo,1
muci_271,muci_186,De Young Museum,M. H. de Young Museum,"geo,stringdist",1
muci_272,muci_195,National Museum of Modern and Contemporary Art,MMCA,geo,1
muci_272,muci_196,National Museum of Modern and Contemporary Art,National Museum of Modern and Contemporary Art (MMCA),"geo,stringdist",1
muci_269,muci_208,State Hermitage Museum,State Hermitage,geo,1
muci_269,muci_211,State Hermitage Museum,State Hermitage Museum,geo,1
muci_273,muci_220,"The National Art Center, Tokyo",National Art Center Tokyo,"geo,stringdist",1
muci_273,muci_223,"The National Art Center, Tokyo",National Art Center,"geo,stringdist",1
muci_274,muci_236,Belvedere,Österreichische Galerie Belvedere,geo,1
muci_274,muci_239,Belvedere,Upper Belvedere,geo,1
muci_275,muci_9,Museu Nacional d’Art de Catalunya,MNAC,geo,1
muci_275,muci_11,Museu Nacional d’Art de Catalunya,Museu Nacional d'Art de Catalunya (MNAC),"geo,stringdist",1
muci_279,muci_50,National Galleries of Scotland,Scottish National Gallery,geo,1
muci_279,muci_51,National Galleries of Scotland,National Galleries Scotland: National,"geo,stringdist",1
muci_280,muci_52,Teatre Museu Dalí,Teatre-Museu Dalí,"geo,stringdist",1
muci_280,muci_53,Teatre Museu Dalí,Dali Theatre-Museum,geo,1
muci_283,muci_106,Getty,Getty Center,geo,1
muci_283,muci_111,Getty,J. Paul Getty Museum (Getty Center),geo,1
muci_284,muci_135,MUAC UNAM,MUAC UNAMe,"geo,stringdist",1
muci_287,muci_184,Museum of Modern Art,SFMoMA,geo,1
muci_286,muci_185,Fine Arts Museums (FAMSF),de Young Museum,geo,1
muci_286,muci_186,Fine Arts Museums (FAMSF),M. H. de Young Museum,geo,1
muci_288,muci_195,Modern & Contemporary Arts (MMCA),MMCA,geo,1
muci_288,muci_196,Modern & Contemporary Arts (MMCA),National Museum of Modern and Contemporary Art (MMCA),geo,1
muci_290,muci_214,Museum of Contemporary Art,MCA Australia,geo,1
muci_290,muci_215,Museum of Contemporary Art,Museum of Contemporary Art Australia,"geo,stringdist",1
muci_292,muci_236,Osterreichische Galerie Belvedere,Österreichische Galerie Belvedere,"geo,stringdist",1
muci_292,muci_239,Osterreichische Galerie Belvedere,Upper Belvedere,geo,1
muci_293,muci_254,Renwick Gallery,Renwick Gallery (SAAM),"geo,stringdist",1
muci_280,muci_258,Teatre Museu Dalí,Dalí Theatre and Museum,geo,1
muci_287,muci_270,Museum of Modern Art,San Francisco Museum of Modern Art,"geo,stringdist",1
muci_286,muci_271,Fine Arts Museums (FAMSF),De Young Museum,geo,1
muci_288,muci_272,Modern & Contemporary Arts (MMCA),National Museum of Modern and Contemporary Art,geo,1
muci_292,muci_274,Osterreichische Galerie Belvedere,Belvedere,geo,1
muci_289,muci_203,Shanghai Art Museum,Shanghai Museum East,stringdist,0
muci_281,muci_71,Hong Kong Museum of History,Hong Kong Museum of Art,stringdist,0
muci_278,muci_32,Queensland Art Gallery/GoMA,Queensland Art Gallery (QAG),stringdist,1
muci_289,muci_200,Shanghai Art Museum,Shanghai Museum,stringdist,0
muci_278,muci_34,Queensland Art Gallery/GoMA,Queensland Art Gallery,stringdist,1
muci_294,muci_9,Museu Nacional d’Arte de Catalunya,MNAC,geo,1
muci_294,muci_11,Museu Nacional d’Arte de Catalunya,Museu Nacional d'Art de Catalunya (MNAC),"geo,stringdist",1
muci_296,muci_24,Guggenheim Bilbao,Guggenheim,"geo,stringdist",1
muci_296,muci_25,Guggenheim Bilbao,Guggenheim Museum Bilbao,"geo,stringdist",1
muci_299,muci_66,Meijer Gardens & Sculpture Park,Frederik Meijer Gardens & Sculpture Park,"geo,stringdist",1
muci_300,muci_107,LACMA,Lacma,geo,1
muci_300,muci_109,LACMA,Los Angeles County Museum of Art,geo,1
muci_300,muci_110,LACMA,Los Angeles County Museum of Art (Lacma),geo,1
muci_301,muci_126,MuCEM,Mucem,geo,1
muci_301,muci_127,MuCEM,mucem,geo,1
muci_301,muci_128,MuCEM,Mucem - Musée des civilisations de l'Europe et de la Méditerranée,geo,1
muci_301,muci_129,MuCEM,Mucem,geo,1
muci_302,muci_131,Australian Centre for Moving Image,Centre for the Moving Image,geo,1
muci_306,muci_185,FAMSF,de Young Museum,geo,1
muci_306,muci_186,FAMSF,M. H. de Young Museum,geo,1
muci_301,muci_260,MuCEM,Museum of European and Mediterranean Civilisations,geo,1
muci_302,muci_261,Australian Centre for Moving Image,Australian Centre for the Moving Image,"geo,stringdist",1
muci_306,muci_271,FAMSF,De Young Museum,geo,1
muci_294,muci_275,Museu Nacional d’Arte de Catalunya,Museu Nacional d’Art de Catalunya,"geo,stringdist",1
muci_297,muci_276,Birmingham Museum,Museum and Art Gallery,geo,1
muci_303,muci_285,Minneapolis Institute of Arts,Minneapolis Institute of Art,"geo,stringdist",1
muci_306,muci_286,FAMSF,Fine Arts Museums (FAMSF),geo,1
muci_304,muci_164,,,,1
muci_308,muci_24,Guggenheim Museum,Guggenheim,"geo,stringdist",1
muci_308,muci_25,Guggenheim Museum,Guggenheim Museum Bilbao,"geo,stringdist",1
muci_310,muci_55,Galleria dell’Accademia,Galleria dell'Accademia di Firenze,"geo,stringdist",1
muci_310,muci_56,Galleria dell’Accademia,Galleria dell’Accademia di Firenze,"geo,stringdist",1
muci_310,muci_58,Galleria dell’Accademia,Galleria dell'Accademia,"geo,stringdist",1
muci_312,muci_66,Meijer Gardens and Sculpture Park,Frederik Meijer Gardens & Sculpture Park,"geo,stringdist",1
muci_313,muci_67,MMCA,Museum of Modern Art,geo,1
muci_314,muci_78,Istanbul Modern,Istanbul Museum of Modern Art,geo,1
muci_309,muci_277,"Museu Nacional, Conjunto Cultural",Museu Nacional da República,geo,1
muci_308,muci_296,Guggenheim Museum,Guggenheim Bilbao,geo,1
muci_312,muci_299,Meijer Gardens and Sculpture Park,Meijer Gardens & Sculpture Park,"geo,stringdist",1
muci_321,muci_167,Musée Quai Branly,Musée du Quai Branly,"geo,stringdist",1
muci_322,muci_177,Musée d’Art Moderne de la Ville de Paris,Palais de Tokyo,geo,0
muci_322,muci_178,Musée d’Art Moderne de la Ville de Paris,Musée d'Art Moderne de Paris,"geo,stringdist",1
muci_325,muci_232,CaixaForum València,CaixaForum València,geo,1
muci_326,muci_254,SAAM/Renwick Gallery,Renwick Gallery (SAAM),"geo,stringdist",1
muci_321,muci_267,Musée Quai Branly,Musée du quai Branly,"geo,stringdist",1
muci_319,muci_282,Serpentine Gallery,Serpentine Galleries,"geo,stringdist",1
muci_326,muci_293,SAAM/Renwick Gallery,Renwick Gallery,"geo,stringdist",1
muci_317,muci_295,MACBA,Museu d’Art Contemporani,geo,1
muci_323,muci_213,Art Gallery New South Wales,Art Gallery of New South Wales,stringdist,1
muci_332,muci_96,Victoria & Albert Museum,Victoria and Albert,geo,1
muci_332,muci_103,Victoria & Albert Museum,Victoria and Albert Museum,"geo,stringdist",1
muci_336,muci_195,National Museum of Contemporary Art,MMCA,geo,1
muci_336,muci_196,National Museum of Contemporary Art,National Museum of Modern and Contemporary Art (MMCA),"geo,stringdist",1
muci_337,muci_209,Russian Museum,State Russian Museum,"geo,stringdist",1
muci_340,muci_254,SAAM/Renwick,Renwick Gallery (SAAM),geo,1
muci_336,muci_272,National Museum of Contemporary Art,National Museum of Modern and Contemporary Art,"geo,stringdist",1
muci_328,muci_276,Birmingham Museum & Art Gallery,Museum and Art Gallery,geo,1
muci_336,muci_288,National Museum of Contemporary Art,Modern & Contemporary Arts (MMCA),geo,1
muci_340,muci_293,SAAM/Renwick,Renwick Gallery,geo,1
muci_328,muci_297,Birmingham Museum & Art Gallery,Birmingham Museum,"geo,stringdist",1
muci_340,muci_326,SAAM/Renwick,SAAM/Renwick Gallery,"geo,stringdist",1
muci_335,muci_334,Complesso del Vittoriano,Museo Centrale del Risorgimento,geo,0
muci_339,muci_239,Upper and Lower Belvedere,Upper Belvedere,stringdist,1
muci_343,muci_10,CaixaForum,CaixaForum Barcelona,geo,1
muci_347,muci_31,Queensland GoMA,Gallery of Modern Art (GOMA),geo,1
muci_347,muci_33,Queensland GoMA,Gallery of Modern Art,geo,1
muci_355,muci_50,National Gallery of Scotland,Scottish National Gallery,geo,1
muci_355,muci_51,National Gallery of Scotland,National Galleries Scotland: National,"geo,stringdist",1
muci_357,muci_64,Kelvingrove Art Gallery,Kelvingrove Art Gallery and Museum,"geo,stringdist",1
muci_357,muci_65,Kelvingrove Art Gallery,Kelvingrove Art Gallery & Museum,"geo,stringdist",1
muci_359,muci_66,Frederik Meijer Sculpture Park,Frederik Meijer Gardens & Sculpture Park,"geo,stringdist",1
muci_360,muci_76,Louisiana,Louisiana Museum of Modern Art,geo,1
muci_362,muci_89,Museu Colecção Berardo,Museu Coleção Berardo,"geo,stringdist",1
muci_364,muci_98,Royal Academy,Royal Academy of Arts,"geo,stringdist",1
muci_365,muci_106,Getty Center (Getty Museum),Getty Center,geo,1
muci_365,muci_111,Getty Center (Getty Museum),J. Paul Getty Museum (Getty Center),"geo,stringdist",1
muci_366,muci_131,Aus Centre for the Moving Image,Centre for the Moving Image,"geo,stringdist",1
muci_367,muci_132,Ian Potter Centre: NGV Australia,The Ian Potter Centre: NGV Australia,"geo,stringdist",1
muci_369,muci_139,La Triennale di Milano,Triennale di Milano,"geo,stringdist",1
muci_369,muci_140,La Triennale di Milano,Triennale Milano,"geo,stringdist",1
muci_371,muci_142,Kremlin Museums,Moscow Kremlin Museums,"geo,stringdist",1
muci_372,muci_153,Guggenheim,Guggenheim Museum,"geo,stringdist",1
muci_372,muci_158,Guggenheim,Solomon R. Guggenheim Museum,geo,1
muci_373,muci_177,Musée d’Art Moderne de la Ville,Palais de Tokyo,geo,0
muci_374,muci_177,Musée d’Art Moderne de la Ville/ARC,Palais de Tokyo,geo,0
muci_373,muci_178,Musée d’Art Moderne de la Ville,Musée d'Art Moderne de Paris,geo,1
muci_374,muci_178,Musée d’Art Moderne de la Ville/ARC,Musée d'Art Moderne de Paris,geo,1
muci_378,muci_187,"Huntington Library, Art Collections",Huntington Library,"geo,stringdist",1
muci_378,muci_188,"Huntington Library, Art Collections",The Huntington,geo,1
muci_378,muci_189,"Huntington Library, Art Collections","The Huntington Library, Art Museum, and Botanical Gardens",geo,1
muci_382,muci_216,Pinacoteca do Estado,Pinacoteca de São Paulo,geo,1
muci_383,muci_231,Museo delle Antichità Egizie,Museo Egizio,geo,1
muci_384,muci_255,Museum of New Zealand Te Papa,Museum of New Zealand Te Papa Tongarewa,"geo,stringdist",1
muci_347,muci_257,Queensland GoMA,Queensland Gallery of Modern Art,geo,1
muci_366,muci_261,Aus Centre for the Moving Image,Australian Centre for the Moving Image,"geo,stringdist",1
muci_375,muci_268,Museo Castel Sant'Angelo,Museo Nazionale di Castel Sant'Angelo,"geo,stringdist",1
muci_344,muci_276,Museum & Art Gallery,Museum and Art Gallery,"geo,stringdist",1
muci_345,muci_276,Birmingham Museum and Art Gallery,Museum and Art Gallery,"geo,stringdist",1
muci_355,muci_279,National Gallery of Scotland,National Galleries of Scotland,"geo,stringdist",1
muci_365,muci_283,Getty Center (Getty Museum),Getty,geo,1
muci_344,muci_297,Museum & Art Gallery,Birmingham Museum,geo,1
muci_345,muci_297,Birmingham Museum and Art Gallery,Birmingham Museum,geo,1
muci_359,muci_299,Frederik Meijer Sculpture Park,Meijer Gardens & Sculpture Park,geo,1
muci_366,muci_302,Aus Centre for the Moving Image,Australian Centre for Moving Image,"geo,stringdist",1
muci_359,muci_312,Frederik Meijer Sculpture Park,Meijer Gardens and Sculpture Park,geo,1
muci_379,muci_315,"Seattle Art Museum, Downtown",Seattle Art Museum,"geo,stringdist",1
muci_373,muci_322,Musée d’Art Moderne de la Ville,Musée d’Art Moderne de la Ville de Paris,"geo,stringdist",1
muci_374,muci_322,Musée d’Art Moderne de la Ville/ARC,Musée d’Art Moderne de la Ville de Paris,"geo,stringdist",1
muci_344,muci_328,Museum & Art Gallery,Birmingham Museum & Art Gallery,"geo,stringdist",1
muci_345,muci_328,Birmingham Museum and Art Gallery,Birmingham Museum & Art Gallery,"geo,stringdist",1
muci_345,muci_344,Birmingham Museum and Art Gallery,Museum & Art Gallery,geo,1
muci_354,muci_353,Gemäldegalerie Alte Meister,Galerie Alte Meister,"geo,stringdist",1
muci_374,muci_373,Musée d’Art Moderne de la Ville/ARC,Musée d’Art Moderne de la Ville,"geo,stringdist",1
muci_386,muci_8,Museo Picasso,Museu Picasso,"geo,stringdist",1
muci_392,muci_35,Musée Magritte,Musées Royaux des Beaux-Arts,geo,0
muci_392,muci_36,Musée Magritte,Musées Royaux des Beaux-Arts de Belgique,geo,0
muci_396,muci_50,National Gallery Complex,Scottish National Gallery,geo,1
muci_396,muci_51,National Gallery Complex,National Galleries Scotland: National,geo,1
muci_398,muci_59,Galleria Palatina,Palazzo Pitti,geo,0
muci_399,muci_61,Stadel Museum,Städel Museum,"geo,stringdist",1
muci_401,muci_66,Frederik Meijer Gardens,Frederik Meijer Gardens & Sculpture Park,"geo,stringdist",1
muci_405,muci_84,National Museum Krakow,National Museum in Krakow,"geo,stringdist",1
muci_405,muci_85,National Museum Krakow,National Museum,"geo,stringdist",1
muci_407,muci_106,Getty Museum (Getty Center),Getty Center,geo,1
muci_407,muci_111,Getty Museum (Getty Center),J. Paul Getty Museum (Getty Center),"geo,stringdist",1
muci_413,muci_142,Moscow Kremlin Museum,Moscow Kremlin Museums,"geo,stringdist",1
muci_416,muci_162,National Gallery,Nasjonalmuseet,geo,1
muci_425,muci_217,Taiwan Palace Museum,National Palace Museum,geo,1
muci_433,muci_236,Galerie Belvedere,Österreichische Galerie Belvedere,geo,1
muci_433,muci_239,Galerie Belvedere,Upper Belvedere,geo,1
muci_420,muci_268,Museo Castel Sant’Angelo,Museo Nazionale di Castel Sant'Angelo,geo,1
muci_433,muci_274,Galerie Belvedere,Belvedere,geo,1
muci_396,muci_279,National Gallery Complex,National Galleries of Scotland,geo,1
muci_407,muci_283,Getty Museum (Getty Center),Getty,geo,1
muci_433,muci_292,Galerie Belvedere,Osterreichische Galerie Belvedere,geo,1
muci_401,muci_299,Frederik Meijer Gardens,Meijer Gardens & Sculpture Park,geo,1
muci_401,muci_312,Frederik Meijer Gardens,Meijer Gardens and Sculpture Park,geo,1
muci_400,muci_330,Museum of Transport,Riverside Museum,geo,0
muci_396,muci_355,National Gallery Complex,National Gallery of Scotland,geo,1
muci_401,muci_359,Frederik Meijer Gardens,Frederik Meijer Sculpture Park,geo,1
muci_407,muci_365,Getty Museum (Getty Center),Getty Center (Getty Museum),"geo,stringdist",1
muci_413,muci_371,Moscow Kremlin Museum,Kremlin Museums,"geo,stringdist",1
muci_420,muci_375,Museo Castel Sant’Angelo,Museo Castel Sant'Angelo,"geo,stringdist",1
muci_434,muci_74,Museum of Fine Arts Houston,Museum of Fine Arts,"geo,stringdist",1
muci_434,muci_75,Museum of Fine Arts Houston,"Museum of Fine Arts, Houston","geo,stringdist",1
muci_435,muci_106,Getty Museum,Getty Center,geo,1
muci_435,muci_111,Getty Museum,J. Paul Getty Museum (Getty Center),geo,1
muci_436,muci_130,National Gallery of Victoria (NGV),NGV International,geo,1
muci_436,muci_133,National Gallery of Victoria (NGV),National Gallery of Victoria,"geo,stringdist",1
muci_439,muci_233,Vatican Museums,Vatican Museums,geo,1
muci_435,muci_283,Getty Museum,Getty,geo,1
muci_435,muci_365,Getty Museum,Getty Center (Getty Museum),geo,1
muci_435,muci_407,Getty Museum,Getty Museum (Getty Center),geo,1
muci_440,muci_10,CaxiaForum Barcelona,CaixaForum Barcelona,"geo,stringdist",1
muci_441,muci_24,Museo Guggenheim,Guggenheim,"geo,stringdist",1
muci_441,muci_25,Museo Guggenheim,Guggenheim Museum Bilbao,geo,1
muci_442,muci_37,Museum of Fine Arts Budapest,Museum of Fine Arts,"geo,stringdist",1
muci_444,muci_47,Green Vault,Residenzschloss,geo,0
muci_445,muci_50,National Gallery,Scottish National Gallery,"geo,stringdist",1
muci_445,muci_51,National Gallery,National Galleries Scotland: National,geo,1
muci_446,muci_54,Uffizi,Galleria degli Uffizi,geo,1
muci_446,muci_57,Uffizi,Gallerie degli Uffizi,geo,1
muci_447,muci_132,Ian Potter Centre,The Ian Potter Centre: NGV Australia,geo,1
muci_448,muci_184,SFMOMA,SFMoMA,geo,1
muci_448,muci_270,SFMOMA,San Francisco Museum of Modern Art,geo,1
muci_445,muci_279,National Gallery,National Galleries of Scotland,geo,1
muci_448,muci_287,SFMOMA,Museum of Modern Art,geo,1
muci_441,muci_296,Museo Guggenheim,Guggenheim Bilbao,geo,1
muci_441,muci_308,Museo Guggenheim,Guggenheim Museum,geo,1
muci_440,muci_343,CaxiaForum Barcelona,CaixaForum,geo,1
muci_445,muci_355,National Gallery,National Gallery of Scotland,"geo,stringdist",1
muci_447,muci_367,Ian Potter Centre,Ian Potter Centre: NGV Australia,"geo,stringdist",1
muci_445,muci_396,National Gallery,National Gallery Complex,"geo,stringdist",1
muci_456,muci_20,Alte Nationalgalerie,Neues Museum,geo,0
muci_468,muci_40,Art institute of Chicago,Art Institute of Chicago,geo,1
muci_473,muci_47,Kupferstich-Kabinett,Residenzschloss,geo,0
muci_475,muci_49,Royal Museum of Scotland,National Museum of Scotland,"geo,stringdist",1
muci_479,muci_49,Museum of Scotland,National Museum of Scotland,"geo,stringdist",1
muci_478,muci_50,Scottish Natioanl Gallery,Scottish National Gallery,"geo,stringdist",1
muci_478,muci_51,Scottish Natioanl Gallery,National Galleries Scotland: National,geo,1
muci_480,muci_60,Museo Giardino di Boboli,Giardino di Boboli,"geo,stringdist",1
muci_504,muci_97,Courtauld Institute Gallery,Somerset House,geo,0
muci_506,muci_106,The Getty Museum,Getty Center,geo,1
muci_507,muci_106,The Getty Center,Getty Center,"geo,stringdist",1
muci_508,muci_107,LA County Museum of Art,Lacma,geo,1
muci_508,muci_109,LA County Museum of Art,Los Angeles County Museum of Art,"geo,stringdist",1
muci_508,muci_110,LA County Museum of Art,Los Angeles County Museum of Art (Lacma),geo,1
muci_506,muci_111,The Getty Museum,J. Paul Getty Museum (Getty Center),geo,1
muci_507,muci_111,The Getty Center,J. Paul Getty Museum (Getty Center),geo,1
muci_511,muci_139,Triennale,Triennale di Milano,geo,1
muci_511,muci_140,Triennale,Triennale Milano,"geo,stringdist",1
muci_519,muci_155,The Metropolitan Museum of Art,Metropolitan Museum of Art,"geo,stringdist",1
muci_519,muci_159,The Metropolitan Museum of Art,Metropolitan Museum of Art (Fifth Avenue),"geo,stringdist",1
muci_528,muci_165,Centre Georges Pompidou,Centre Pompidou,"geo,stringdist",1
muci_541,muci_184,SF Museum of Modern Art,SFMoMA,geo,1
muci_544,muci_207,Saint Louis Art Museum,Saint Louis Art Museum,geo,1
muci_558,muci_246,Hirshhorn Museum and Sculpture,Hirshhorn Museum,"geo,stringdist",1
muci_561,muci_256,Kuntshaus,Kunsthaus Zürich,geo,1
muci_562,muci_256,Kunthaus,Kunsthaus Zürich,geo,1
muci_528,muci_265,Centre Georges Pompidou,Musée National d'Art Moderne (Centre Pompidou),geo,1
muci_541,muci_270,SF Museum of Modern Art,San Francisco Museum of Modern Art,"geo,stringdist",1
muci_478,muci_279,Scottish Natioanl Gallery,National Galleries of Scotland,geo,1
muci_506,muci_283,The Getty Museum,Getty,geo,1
muci_507,muci_283,The Getty Center,Getty,geo,1
muci_541,muci_287,SF Museum of Modern Art,Museum of Modern Art,"geo,stringdist",1
muci_454,muci_295,Museu d’Art Contemporani (MACBA),Museu d’Art Contemporani,"geo,stringdist",1
muci_508,muci_300,LA County Museum of Art,LACMA,geo,1
muci_489,muci_311,Gallery of Modern Art (GoMA),Gallery of Modern Art,"geo,stringdist",1
muci_454,muci_317,Museu d’Art Contemporani (MACBA),MACBA,geo,1
muci_464,muci_348,Groeninge Museum,Musea Bruges,geo,0
muci_478,muci_355,Scottish Natioanl Gallery,National Gallery of Scotland,geo,1
muci_506,muci_365,The Getty Museum,Getty Center (Getty Museum),geo,1
muci_507,muci_365,The Getty Center,Getty Center (Getty Museum),geo,1
muci_511,muci_369,Triennale,La Triennale di Milano,geo,1
muci_457,muci_388,Kupferstichkabinett,Kulturforum,geo,0
muci_459,muci_390,Kunst der Bundesrepublik,Kunsthalle der Bundesrepublik,"geo,stringdist",1
muci_460,muci_390,Kunstshalle der Bundesrepublik,Kunsthalle der Bundesrepublik,"geo,stringdist",1
muci_478,muci_396,Scottish Natioanl Gallery,National Gallery Complex,geo,1
muci_501,muci_406,Whitechapel Art Gallery,Whitechapel Gallery,"geo,stringdist",1
muci_506,muci_407,The Getty Museum,Getty Museum (Getty Center),geo,1
muci_507,muci_407,The Getty Center,Getty Museum (Getty Center),geo,1
muci_514,muci_412,Wallker Art Center,Walker Art Center,"geo,stringdist",1
muci_540,muci_422,"California Palace, Legion of Honor",Legion of Honor,geo,1
muci_506,muci_435,The Getty Museum,Getty Museum,"geo,stringdist",1
muci_507,muci_435,The Getty Center,Getty Museum,geo,1
muci_473,muci_444,Kupferstich-Kabinett,Green Vault,geo,0
muci_478,muci_445,Scottish Natioanl Gallery,National Gallery,geo,1
muci_541,muci_448,SF Museum of Modern Art,SFMOMA,geo,1
muci_450,muci_449,University of Michigan,University of Michigan Museum,"geo,stringdist",1
muci_460,muci_459,Kunstshalle der Bundesrepublik,Kunst der Bundesrepublik,"geo,stringdist",1
muci_479,muci_475,Museum of Scotland,Royal Museum of Scotland,"geo,stringdist",1
muci_487,muci_486,BALTIC Centre,BALTIC,geo,1
muci_488,muci_486,BALTIC Centre for Contemporary Art,BALTIC,geo,1
muci_488,muci_487,BALTIC Centre for Contemporary Art,BALTIC Centre,geo,1
muci_521,muci_505,P.S.1 Contemporary Art Center,P.S.1 Contemporary Art Center,geo,1
muci_507,muci_506,The Getty Center,The Getty Museum,geo,1
muci_525,muci_524,Kröˆller-Mü¸ller Museum,Kröller-Müller Museum,"geo,stringdist",1
muci_562,muci_561,Kunthaus,Kuntshaus,geo,1
muci_456,muci_389,Alte Nationalgalerie,Neue Nationalgalerie,stringdist,0
muci_519,muci_151,The Metropolitan Museum of Art,Metropolitan Museum,stringdist,1
muci_464,muci_463,Groeninge Museum,Groening Museum,stringdist,1
muci_477,muci_50,Scottish National Portrait Gallery,Scottish National Gallery,stringdist,1
muci_478,muci_477,Scottish Natioanl Gallery,Scottish National Portrait Gallery,stringdist,1
muci_570,muci_37,Szepmuveszeti Museum,Museum of Fine Arts,geo,1
muci_574,muci_45,Nasher Sculpture Center,Dallas Museum of Art,geo,01
muci_576,muci_50,Royal Scottish Academy,Scottish National Gallery,geo,1
muci_576,muci_51,Royal Scottish Academy,National Galleries Scotland: National,geo,1
muci_577,muci_55,Gallerie dell’Accademia,Galleria dell'Accademia di Firenze,geo,1
muci_577,muci_56,Gallerie dell’Accademia,Galleria dell’Accademia di Firenze,"geo,stringdist",1
muci_577,muci_58,Gallerie dell’Accademia,Galleria dell'Accademia,"geo,stringdist",1
muci_583,muci_83,Nelson-Atkins Museum,The Nelson-Atkins Museum of Art,"geo,stringdist",1
muci_584,muci_106,J. Paul Getty Museum,Getty Center,geo,1
muci_584,muci_111,J. Paul Getty Museum,J. Paul Getty Museum (Getty Center),"geo,stringdist",1
muci_585,muci_115,Thyssen-Bornemisza Museum,Museo Thyssen-Bornemisza,"geo,stringdist",1
muci_585,muci_121,Thyssen-Bornemisza Museum,Museo Nacional Thyssen-Bornemisza,geo,1
muci_576,muci_279,Royal Scottish Academy,National Galleries of Scotland,geo,1
muci_584,muci_283,J. Paul Getty Museum,Getty,geo,1
muci_564,muci_295,Museu d'Art Contemporani,Museu d’Art Contemporani,"geo,stringdist",1
muci_577,muci_310,Gallerie dell’Accademia,Galleria dell’Accademia,"geo,stringdist",1
muci_564,muci_317,Museu d'Art Contemporani,MACBA,geo,1
muci_568,muci_346,Kunst und Ausstellungshalle,Bundeskunsthalle,geo,1
muci_576,muci_355,Royal Scottish Academy,National Gallery of Scotland,geo,1
muci_584,muci_365,J. Paul Getty Museum,Getty Center (Getty Museum),geo,1
muci_576,muci_396,Royal Scottish Academy,National Gallery Complex,geo,1
muci_584,muci_407,J. Paul Getty Museum,Getty Museum (Getty Center),geo,1
muci_597,muci_422,Palace of the Legion of Honor,Legion of Honor,geo,1
muci_600,muci_424,National Museum of Fine Arts,Nationalmuseum,geo,1
muci_584,muci_435,J. Paul Getty Museum,Getty Museum,geo,1
muci_570,muci_442,Szepmuveszeti Museum,Museum of Fine Arts Budapest,geo,1
muci_571,muci_443,The Field Museum,Field Museum,"geo,stringdist",1
muci_576,muci_445,Royal Scottish Academy,National Gallery,geo,1
muci_564,muci_454,Museu d'Art Contemporani,Museu d’Art Contemporani (MACBA),"geo,stringdist",1
muci_576,muci_478,Royal Scottish Academy,Scottish Natioanl Gallery,geo,1
muci_579,muci_481,Museo di San Marco,Museo San Marco,"geo,stringdist",1
muci_580,muci_486,Baltic Centre for Contemporary Art,BALTIC,geo,1
muci_581,muci_486,Baltic Centre,BALTIC,geo,1
muci_580,muci_487,Baltic Centre for Contemporary Art,BALTIC Centre,geo,1
muci_581,muci_487,Baltic Centre,BALTIC Centre,geo,1
muci_580,muci_488,Baltic Centre for Contemporary Art,BALTIC Centre for Contemporary Art,geo,1
muci_581,muci_488,Baltic Centre,BALTIC Centre for Contemporary Art,geo,1
muci_584,muci_506,J. Paul Getty Museum,The Getty Museum,geo,1
muci_584,muci_507,J. Paul Getty Museum,The Getty Center,geo,1
muci_591,muci_518,Frick Collection,The Frick Collection,"geo,stringdist",1
muci_597,muci_540,Palace of the Legion of Honor,"California Palace, Legion of Honor",geo,1
muci_605,muci_550,Museo di Rivoli,Castello di Rivoli,geo,1
muci_581,muci_580,Baltic Centre,Baltic Centre for Contemporary Art,geo,1
muci_604,muci_603,Galleria Civica d’Arte Moderna,Galleria Civica,geo,1
muci_563,muci_450,University of Michigan art Museum,University of Michigan,stringdist,1
muci_575,muci_354,Gemäldegalerie Neue Meister,Gemäldegalerie Alte Meister,stringdist,0
muci_563,muci_449,University of Michigan art Museum,University of Michigan Museum,stringdist,1
